<?xml version='1.0' encoding='utf-8'?>
<!--
 FreeCAD Document, see http://www.freecadweb.org for more information...
-->
<Document SchemaVersion="1">
    <ViewProviderData Count="7">
        <ViewProvider name="Box" expanded="0">
            <Properties Count="17">
                <Property name="BoundingBox" type="App::PropertyBool">
                    <Bool value="false"/>
                </Property>
                <Property name="Deviation" type="App::PropertyFloatConstraint">
                    <Float value="0.200000002980"/>
                </Property>
                <Property name="DiffuseColor" type="App::PropertyColorList">
                    <ColorList file="DiffuseColor"/>
                </Property>
                <Property name="DisplayMode" type="App::PropertyEnumeration">
                    <Integer value="0"/>
                </Property>
                <Property name="DrawStyle" type="App::PropertyEnumeration">
                    <Integer value="0"/>
                </Property>
                <Property name="Lighting" type="App::PropertyEnumeration">
                    <Integer value="1"/>
                </Property>
                <Property name="LineColor" type="App::PropertyColor">
                    <PropertyColor value="421075200"/>
                </Property>
                <Property name="LineMaterial" type="App::PropertyMaterial">
                    <PropertyMaterial ambientColor="858993408" diffuseColor="421075200" specularColor="0" emissiveColor="0" shininess="1.000000000000" transparency="0.000000000000"/>
                </Property>
                <Property name="LineWidth" type="App::PropertyFloatConstraint">
                    <Float value="2.000000000000"/>
                </Property>
                <Property name="PointColor" type="App::PropertyColor">
                    <PropertyColor value="421075200"/>
                </Property>
                <Property name="PointMaterial" type="App::PropertyMaterial">
                    <PropertyMaterial ambientColor="858993408" diffuseColor="421075200" specularColor="0" emissiveColor="0" shininess="1.000000000000" transparency="0.000000000000"/>
                </Property>
                <Property name="PointSize" type="App::PropertyFloatConstraint">
                    <Float value="2.000000000000"/>
                </Property>
                <Property name="Selectable" type="App::PropertyBool">
                    <Bool value="true"/>
                </Property>
                <Property name="ShapeColor" type="App::PropertyColor">
                    <PropertyColor value="3435973632"/>
                </Property>
                <Property name="ShapeMaterial" type="App::PropertyMaterial">
                    <PropertyMaterial ambientColor="858993408" diffuseColor="3435973632" specularColor="0" emissiveColor="0" shininess="0.200000002980" transparency="0.000000000000"/>
                </Property>
                <Property name="Transparency" type="App::PropertyPercent">
                    <Integer value="0"/>
                </Property>
                <Property name="Visibility" type="App::PropertyBool">
                    <Bool value="false"/>
                </Property>
            </Properties>
        </ViewProvider>
        <ViewProvider name="Pocket" expanded="1">
            <Properties Count="17">
                <Property name="BoundingBox" type="App::PropertyBool">
                    <Bool value="false"/>
                </Property>
                <Property name="Deviation" type="App::PropertyFloatConstraint">
                    <Float value="0.200000002980"/>
                </Property>
                <Property name="DiffuseColor" type="App::PropertyColorList">
                    <ColorList file="DiffuseColor1"/>
                </Property>
                <Property name="DisplayMode" type="App::PropertyEnumeration">
                    <Integer value="0"/>
                </Property>
                <Property name="DrawStyle" type="App::PropertyEnumeration">
                    <Integer value="0"/>
                </Property>
                <Property name="Lighting" type="App::PropertyEnumeration">
                    <Integer value="1"/>
                </Property>
                <Property name="LineColor" type="App::PropertyColor">
                    <PropertyColor value="421075200"/>
                </Property>
                <Property name="LineMaterial" type="App::PropertyMaterial">
                    <PropertyMaterial ambientColor="858993408" diffuseColor="421075200" specularColor="0" emissiveColor="0" shininess="1.000000000000" transparency="0.000000000000"/>
                </Property>
                <Property name="LineWidth" type="App::PropertyFloatConstraint">
                    <Float value="2.000000000000"/>
                </Property>
                <Property name="PointColor" type="App::PropertyColor">
                    <PropertyColor value="421075200"/>
                </Property>
                <Property name="PointMaterial" type="App::PropertyMaterial">
                    <PropertyMaterial ambientColor="858993408" diffuseColor="421075200" specularColor="0" emissiveColor="0" shininess="1.000000000000" transparency="0.000000000000"/>
                </Property>
                <Property name="PointSize" type="App::PropertyFloatConstraint">
                    <Float value="2.000000000000"/>
                </Property>
                <Property name="Selectable" type="App::PropertyBool">
                    <Bool value="true"/>
                </Property>
                <Property name="ShapeColor" type="App::PropertyColor">
                    <PropertyColor value="3435973632"/>
                </Property>
                <Property name="ShapeMaterial" type="App::PropertyMaterial">
                    <PropertyMaterial ambientColor="858993408" diffuseColor="3435973632" specularColor="0" emissiveColor="0" shininess="0.200000002980" transparency="0.000000000000"/>
                </Property>
                <Property name="Transparency" type="App::PropertyPercent">
                    <Integer value="0"/>
                </Property>
                <Property name="Visibility" type="App::PropertyBool">
                    <Bool value="false"/>
                </Property>
            </Properties>
        </ViewProvider>
        <ViewProvider name="Sketch" expanded="0">
            <Properties Count="23">
                <Property name="Autoconstraints" type="App::PropertyBool">
                    <Bool value="false"/>
                </Property>
                <Property name="BoundingBox" type="App::PropertyBool">
                    <Bool value="false"/>
                </Property>
                <Property name="Deviation" type="App::PropertyFloatConstraint">
                    <Float value="0.200000002980"/>
                </Property>
                <Property name="DiffuseColor" type="App::PropertyColorList">
                    <ColorList file="DiffuseColor2"/>
                </Property>
                <Property name="DisplayMode" type="App::PropertyEnumeration">
                    <Integer value="1"/>
                </Property>
                <Property name="DrawStyle" type="App::PropertyEnumeration">
                    <Integer value="0"/>
                </Property>
                <Property name="GridSize" type="App::PropertyDistance">
                    <Float value="10.000000000000"/>
                </Property>
                <Property name="GridSnap" type="App::PropertyBool">
                    <Bool value="false"/>
                </Property>
                <Property name="GridStyle" type="App::PropertyEnumeration">
                    <Integer value="0"/>
                </Property>
                <Property name="Lighting" type="App::PropertyEnumeration">
                    <Integer value="1"/>
                </Property>
                <Property name="LineColor" type="App::PropertyColor">
                    <PropertyColor value="4294967040"/>
                </Property>
                <Property name="LineMaterial" type="App::PropertyMaterial">
                    <PropertyMaterial ambientColor="858993408" diffuseColor="4294967040" specularColor="0" emissiveColor="0" shininess="1.000000000000" transparency="0.000000000000"/>
                </Property>
                <Property name="LineWidth" type="App::PropertyFloatConstraint">
                    <Float value="2.000000000000"/>
                </Property>
                <Property name="PointColor" type="App::PropertyColor">
                    <PropertyColor value="4294967040"/>
                </Property>
                <Property name="PointMaterial" type="App::PropertyMaterial">
                    <PropertyMaterial ambientColor="858993408" diffuseColor="4294967040" specularColor="0" emissiveColor="0" shininess="1.000000000000" transparency="0.000000000000"/>
                </Property>
                <Property name="PointSize" type="App::PropertyFloatConstraint">
                    <Float value="4.000000000000"/>
                </Property>
                <Property name="Selectable" type="App::PropertyBool">
                    <Bool value="true"/>
                </Property>
                <Property name="ShapeColor" type="App::PropertyColor">
                    <PropertyColor value="3435973632"/>
                </Property>
                <Property name="ShapeMaterial" type="App::PropertyMaterial">
                    <PropertyMaterial ambientColor="858993408" diffuseColor="3435973632" specularColor="0" emissiveColor="0" shininess="0.200000002980" transparency="0.000000000000"/>
                </Property>
                <Property name="ShowGrid" type="App::PropertyBool">
                    <Bool value="false"/>
                </Property>
                <Property name="TightGrid" type="App::PropertyBool">
                    <Bool value="true"/>
                </Property>
                <Property name="Transparency" type="App::PropertyPercent">
                    <Integer value="0"/>
                </Property>
                <Property name="Visibility" type="App::PropertyBool">
                    <Bool value="false"/>
                </Property>
            </Properties>
        </ViewProvider>
        <ViewProvider name="Array" expanded="1">
            <Properties Count="20">
                <Property name="BoundingBox" type="App::PropertyBool">
                    <Bool value="false"/>
                </Property>
                <Property name="Deviation" type="App::PropertyFloatConstraint">
                    <Float value="0.200000002980"/>
                </Property>
                <Property name="DiffuseColor" type="App::PropertyColorList">
                    <ColorList file="DiffuseColor3"/>
                </Property>
                <Property name="DisplayMode" type="App::PropertyEnumeration">
                    <Integer value="0"/>
                </Property>
                <Property name="DrawStyle" type="App::PropertyEnumeration">
                    <Integer value="0"/>
                </Property>
                <Property name="Lighting" type="App::PropertyEnumeration">
                    <Integer value="1"/>
                </Property>
                <Property name="LineColor" type="App::PropertyColor">
                    <PropertyColor value="421075200"/>
                </Property>
                <Property name="LineMaterial" type="App::PropertyMaterial">
                    <PropertyMaterial ambientColor="858993408" diffuseColor="421075200" specularColor="0" emissiveColor="0" shininess="1.000000000000" transparency="0.000000000000"/>
                </Property>
                <Property name="LineWidth" type="App::PropertyFloatConstraint">
                    <Float value="2.000000000000"/>
                </Property>
                <Property name="Pattern" type="App::PropertyEnumeration" group="Draft" doc="Defines a hatch pattern" attr="0" ro="0" hide="0">
                    <Integer value="0" CustomEnum="true"/>
                    <CustomEnumList count="6">
                        <Enum value="None"/>
                        <Enum value="simple"/>
                        <Enum value="concrete"/>
                        <Enum value="line"/>
                        <Enum value="square"/>
                        <Enum value="cross"/>
                    </CustomEnumList>
                </Property>
                <Property name="PatternSize" type="App::PropertyFloat" group="Draft" doc="Sets the size of the pattern" attr="0" ro="0" hide="0">
                    <Float value="1.000000000000"/>
                </Property>
                <Property name="PointColor" type="App::PropertyColor">
                    <PropertyColor value="421075200"/>
                </Property>
                <Property name="PointMaterial" type="App::PropertyMaterial">
                    <PropertyMaterial ambientColor="858993408" diffuseColor="421075200" specularColor="0" emissiveColor="0" shininess="1.000000000000" transparency="0.000000000000"/>
                </Property>
                <Property name="PointSize" type="App::PropertyFloatConstraint">
                    <Float value="2.000000000000"/>
                </Property>
                <Property name="Proxy" type="App::PropertyPythonObject">
                    <Python value="bnVsbA==" encoded="yes" module="Draft" class="_ViewProviderDraftArray"/>
                </Property>
                <Property name="Selectable" type="App::PropertyBool">
                    <Bool value="true"/>
                </Property>
                <Property name="ShapeColor" type="App::PropertyColor">
                    <PropertyColor value="3435973632"/>
                </Property>
                <Property name="ShapeMaterial" type="App::PropertyMaterial">
                    <PropertyMaterial ambientColor="858993408" diffuseColor="3435973632" specularColor="0" emissiveColor="0" shininess="0.200000002980" transparency="0.000000000000"/>
                </Property>
                <Property name="Transparency" type="App::PropertyPercent">
                    <Integer value="0"/>
                </Property>
                <Property name="Visibility" type="App::PropertyBool">
                    <Bool value="false"/>
                </Property>
            </Properties>
        </ViewProvider>
        <ViewProvider name="Cylinder" expanded="0">
            <Properties Count="17">
                <Property name="BoundingBox" type="App::PropertyBool">
                    <Bool value="false"/>
                </Property>
                <Property name="Deviation" type="App::PropertyFloatConstraint">
                    <Float value="0.200000002980"/>
                </Property>
                <Property name="DiffuseColor" type="App::PropertyColorList">
                    <ColorList file="DiffuseColor4"/>
                </Property>
                <Property name="DisplayMode" type="App::PropertyEnumeration">
                    <Integer value="0"/>
                </Property>
                <Property name="DrawStyle" type="App::PropertyEnumeration">
                    <Integer value="0"/>
                </Property>
                <Property name="Lighting" type="App::PropertyEnumeration">
                    <Integer value="1"/>
                </Property>
                <Property name="LineColor" type="App::PropertyColor">
                    <PropertyColor value="421075200"/>
                </Property>
                <Property name="LineMaterial" type="App::PropertyMaterial">
                    <PropertyMaterial ambientColor="858993408" diffuseColor="421075200" specularColor="0" emissiveColor="0" shininess="1.000000000000" transparency="0.000000000000"/>
                </Property>
                <Property name="LineWidth" type="App::PropertyFloatConstraint">
                    <Float value="2.000000000000"/>
                </Property>
                <Property name="PointColor" type="App::PropertyColor">
                    <PropertyColor value="421075200"/>
                </Property>
                <Property name="PointMaterial" type="App::PropertyMaterial">
                    <PropertyMaterial ambientColor="858993408" diffuseColor="421075200" specularColor="0" emissiveColor="0" shininess="1.000000000000" transparency="0.000000000000"/>
                </Property>
                <Property name="PointSize" type="App::PropertyFloatConstraint">
                    <Float value="2.000000000000"/>
                </Property>
                <Property name="Selectable" type="App::PropertyBool">
                    <Bool value="true"/>
                </Property>
                <Property name="ShapeColor" type="App::PropertyColor">
                    <PropertyColor value="3435973632"/>
                </Property>
                <Property name="ShapeMaterial" type="App::PropertyMaterial">
                    <PropertyMaterial ambientColor="858993408" diffuseColor="3435973632" specularColor="0" emissiveColor="0" shininess="0.200000002980" transparency="0.000000000000"/>
                </Property>
                <Property name="Transparency" type="App::PropertyPercent">
                    <Integer value="0"/>
                </Property>
                <Property name="Visibility" type="App::PropertyBool">
                    <Bool value="false"/>
                </Property>
            </Properties>
        </ViewProvider>
        <ViewProvider name="Cut" expanded="1">
            <Properties Count="17">
                <Property name="BoundingBox" type="App::PropertyBool">
                    <Bool value="false"/>
                </Property>
                <Property name="Deviation" type="App::PropertyFloatConstraint">
                    <Float value="0.200000002980"/>
                </Property>
                <Property name="DiffuseColor" type="App::PropertyColorList">
                    <ColorList file="DiffuseColor5"/>
                </Property>
                <Property name="DisplayMode" type="App::PropertyEnumeration">
                    <Integer value="0"/>
                </Property>
                <Property name="DrawStyle" type="App::PropertyEnumeration">
                    <Integer value="0"/>
                </Property>
                <Property name="Lighting" type="App::PropertyEnumeration">
                    <Integer value="1"/>
                </Property>
                <Property name="LineColor" type="App::PropertyColor">
                    <PropertyColor value="421075200"/>
                </Property>
                <Property name="LineMaterial" type="App::PropertyMaterial">
                    <PropertyMaterial ambientColor="858993408" diffuseColor="421075200" specularColor="0" emissiveColor="0" shininess="1.000000000000" transparency="0.000000000000"/>
                </Property>
                <Property name="LineWidth" type="App::PropertyFloatConstraint">
                    <Float value="2.000000000000"/>
                </Property>
                <Property name="PointColor" type="App::PropertyColor">
                    <PropertyColor value="421075200"/>
                </Property>
                <Property name="PointMaterial" type="App::PropertyMaterial">
                    <PropertyMaterial ambientColor="858993408" diffuseColor="421075200" specularColor="0" emissiveColor="0" shininess="1.000000000000" transparency="0.000000000000"/>
                </Property>
                <Property name="PointSize" type="App::PropertyFloatConstraint">
                    <Float value="2.000000000000"/>
                </Property>
                <Property name="Selectable" type="App::PropertyBool">
                    <Bool value="true"/>
                </Property>
                <Property name="ShapeColor" type="App::PropertyColor">
                    <PropertyColor value="3435973632"/>
                </Property>
                <Property name="ShapeMaterial" type="App::PropertyMaterial">
                    <PropertyMaterial ambientColor="858993408" diffuseColor="3435973632" specularColor="0" emissiveColor="0" shininess="0.200000002980" transparency="0.000000000000"/>
                </Property>
                <Property name="Transparency" type="App::PropertyPercent">
                    <Integer value="0"/>
                </Property>
                <Property name="Visibility" type="App::PropertyBool">
                    <Bool value="false"/>
                </Property>
            </Properties>
        </ViewProvider>
        <ViewProvider name="Fillet" expanded="1">
            <Properties Count="17">
                <Property name="BoundingBox" type="App::PropertyBool">
                    <Bool value="false"/>
                </Property>
                <Property name="Deviation" type="App::PropertyFloatConstraint">
                    <Float value="0.200000002980"/>
                </Property>
                <Property name="DiffuseColor" type="App::PropertyColorList">
                    <ColorList file="DiffuseColor6"/>
                </Property>
                <Property name="DisplayMode" type="App::PropertyEnumeration">
                    <Integer value="0"/>
                </Property>
                <Property name="DrawStyle" type="App::PropertyEnumeration">
                    <Integer value="0"/>
                </Property>
                <Property name="Lighting" type="App::PropertyEnumeration">
                    <Integer value="1"/>
                </Property>
                <Property name="LineColor" type="App::PropertyColor">
                    <PropertyColor value="421075200"/>
                </Property>
                <Property name="LineMaterial" type="App::PropertyMaterial">
                    <PropertyMaterial ambientColor="858993408" diffuseColor="421075200" specularColor="0" emissiveColor="0" shininess="1.000000000000" transparency="0.000000000000"/>
                </Property>
                <Property name="LineWidth" type="App::PropertyFloatConstraint">
                    <Float value="2.000000000000"/>
                </Property>
                <Property name="PointColor" type="App::PropertyColor">
                    <PropertyColor value="421075200"/>
                </Property>
                <Property name="PointMaterial" type="App::PropertyMaterial">
                    <PropertyMaterial ambientColor="858993408" diffuseColor="421075200" specularColor="0" emissiveColor="0" shininess="1.000000000000" transparency="0.000000000000"/>
                </Property>
                <Property name="PointSize" type="App::PropertyFloatConstraint">
                    <Float value="2.000000000000"/>
                </Property>
                <Property name="Selectable" type="App::PropertyBool">
                    <Bool value="true"/>
                </Property>
                <Property name="ShapeColor" type="App::PropertyColor">
                    <PropertyColor value="3435973632"/>
                </Property>
                <Property name="ShapeMaterial" type="App::PropertyMaterial">
                    <PropertyMaterial ambientColor="858993408" diffuseColor="3435973632" specularColor="0" emissiveColor="0" shininess="0.200000002980" transparency="0.000000000000"/>
                </Property>
                <Property name="Transparency" type="App::PropertyPercent">
                    <Integer value="0"/>
                </Property>
                <Property name="Visibility" type="App::PropertyBool">
                    <Bool value="true"/>
                </Property>
            </Properties>
        </ViewProvider>
    </ViewProviderData>
    <Camera settings="  OrthographicCamera {   viewportMapping ADJUST_CAMERA   position 73.042252 3.1959457 61.965675   orientation -0.85745472 -0.21537235 -0.46731913  5.6004171   nearDistance 18.630787   farDistance 99.217575   aspectRatio 1   focalDistance 66.982277   height 133.96457  } "/>
</Document>
